Fold	Accuracy	Precision	Recall	F1 Score	MCC	Num_Layers	Neurons_Per_Layer	Dropout	Learning_Rate	Accuracy Standard Error	Precision Standard Error	Recall Standard Error	F1 Score Standard Error	MCC Standard Error
0	0.889943074003795	0.0	0.0	0.0	0.9683676886440323	1	[89]	0.21580488696283484	0.004501505682201466	0.0001329674870833235	0.0	0.0	0.0	0.003194207321365821
1	0.889873417721519	0.0	0.0	0.0	0.9778010793309183	4	[23, 20, 97, 77]	0.2947619610521642	0.006400769838977751	0.0001329674870833235	0.0	0.0	0.0	0.003194207321365821
2	0.889873417721519	0.0	0.0	0.0	0.9778010793309183	4	[90, 21, 69, 27]	0.1453884599805643	0.009620070234666203	0.0001329674870833235	0.0	0.0	0.0	0.003194207321365821
3	0.8904369854338189	0.0	0.0	0.0	0.961266987899195	2	[42, 74]	0.4627015418508694	0.003254335862123532	0.0001329674870833235	0.0	0.0	0.0	0.003194207321365821
4	0.8904369854338189	0.0	0.0	0.0	0.9677259664133582	1	[78]	0.2944651810968249	0.0013562835572918492	0.0001329674870833235	0.0	0.0	0.0	0.003194207321365821
