Metric	Average	Standard Error
Accuracy	0.906	0.0040000000000000036
F1 Score	0.5599999999999999	0.019748417658131494
Precision	0.5720000000000001	0.0198494332412792
Recall	0.556	0.035860842154082216
MCC	0.508	0.02059126028197401
